<?xml version="1.0" encoding="UTF-8"?>
<GenRun Id="impl_1" LaunchPart="xc7z010clg400-1" LaunchTime="1575323246">
  <File Type="ROUTE-PWR" Name="traffic_intersection_power_routed.rpt"/>
  <File Type="PA-TCL" Name="traffic_intersection.tcl"/>
  <File Type="BITSTR-BMM" Name="traffic_intersection_bd.bmm"/>
  <File Type="ROUTE-PWR-SUM" Name="traffic_intersection_power_summary_routed.pb"/>
  <File Type="REPORTS-TCL" Name="traffic_intersection_reports.tcl"/>
  <File Type="OPT-DCP" Name="traffic_intersection_opt.dcp"/>
  <File Type="OPT-DRC" Name="traffic_intersection_drc_opted.rpt"/>
  <File Type="OPT-HWDEF" Name="traffic_intersection.hwdef"/>
  <File Type="PWROPT-DCP" Name="traffic_intersection_pwropt.dcp"/>
  <File Type="PLACE-DCP" Name="traffic_intersection_placed.dcp"/>
  <File Type="PLACE-IO" Name="traffic_intersection_io_placed.rpt"/>
  <File Type="PLACE-UTIL" Name="traffic_intersection_utilization_placed.rpt"/>
  <File Type="PLACE-UTIL-PB" Name="traffic_intersection_utilization_placed.pb"/>
  <File Type="PLACE-CTRL" Name="traffic_intersection_control_sets_placed.rpt"/>
  <File Type="PLACE-PRE-SIMILARITY" Name="traffic_intersection_incremental_reuse_pre_placed.rpt"/>
  <File Type="BG-BGN" Name="traffic_intersection.bgn"/>
  <File Type="POSTPLACE-PWROPT-DCP" Name="traffic_intersection_postplace_pwropt.dcp"/>
  <File Type="BG-BIN" Name="traffic_intersection.bin"/>
  <File Type="PHYSOPT-DCP" Name="traffic_intersection_physopt.dcp"/>
  <File Type="BITSTR-MSK" Name="traffic_intersection.msk"/>
  <File Type="ROUTE-ERROR-DCP" Name="traffic_intersection_routed_error.dcp"/>
  <File Type="ROUTE-DCP" Name="traffic_intersection_routed.dcp"/>
  <File Type="ROUTE-BLACKBOX-DCP" Name="traffic_intersection_routed_bb.dcp"/>
  <File Type="ROUTE-DRC" Name="traffic_intersection_drc_routed.rpt"/>
  <File Type="ROUTE-DRC-PB" Name="traffic_intersection_drc_routed.pb"/>
  <File Type="ROUTE-DRC-RPX" Name="traffic_intersection_drc_routed.rpx"/>
  <File Type="BITSTR-LTX" Name="traffic_intersection.ltx"/>
  <File Type="ROUTE-METHODOLOGY-DRC" Name="traffic_intersection_methodology_drc_routed.rpt"/>
  <File Type="BITSTR-MMI" Name="traffic_intersection.mmi"/>
  <File Type="ROUTE-METHODOLOGY-DRC-RPX" Name="traffic_intersection_methodology_drc_routed.rpx"/>
  <File Type="ROUTE-METHODOLOGY-DRC-PB" Name="traffic_intersection_methodology_drc_routed.pb"/>
  <File Type="BITSTR-SYSDEF" Name="traffic_intersection.sysdef"/>
  <File Type="ROUTE-PWR-RPX" Name="traffic_intersection_power_routed.rpx"/>
  <File Type="ROUTE-STATUS" Name="traffic_intersection_route_status.rpt"/>
  <File Type="ROUTE-STATUS-PB" Name="traffic_intersection_route_status.pb"/>
  <File Type="ROUTE-TIMINGSUMMARY" Name="traffic_intersection_timing_summary_routed.rpt"/>
  <File Type="ROUTE-TIMING-PB" Name="traffic_intersection_timing_summary_routed.pb"/>
  <File Type="ROUTE-TIMING-RPX" Name="traffic_intersection_timing_summary_routed.rpx"/>
  <File Type="ROUTE-CLK" Name="traffic_intersection_clock_utilization_routed.rpt"/>
  <File Type="ROUTE-BUS-SKEW" Name="traffic_intersection_bus_skew_routed.rpt"/>
  <File Type="ROUTE-BUS-SKEW-PB" Name="traffic_intersection_bus_skew_routed.pb"/>
  <File Type="ROUTE-BUS-SKEW-RPX" Name="traffic_intersection_bus_skew_routed.rpx"/>
  <File Type="POSTROUTE-PHYSOPT-DCP" Name="traffic_intersection_postroute_physopt.dcp"/>
  <File Type="POSTROUTE-PHYSOPT-BLACKBOX-DCP" Name="traffic_intersection_postroute_physopt_bb.dcp"/>
  <File Type="BG-BIT" Name="traffic_intersection.bit"/>
  <File Type="BITSTR-RBT" Name="traffic_intersection.rbt"/>
  <File Type="BITSTR-NKY" Name="traffic_intersection.nky"/>
  <File Type="BG-DRC" Name="traffic_intersection.drc"/>
  <File Type="RDI-RDI" Name="traffic_intersection.vdi"/>
  <File Type="WBT-USG" Name="usage_statistics_webtalk.html"/>
  <FileSet Name="sources" Type="DesignSrcs" RelSrcDir="$PSRCDIR/sources_1">
    <Filter Type="Srcs"/>
    <File Path="$PSRCDIR/sources_1/new/traffic_intersection.vhd">
      <FileInfo>
        <Attr Name="UsedIn" Val="synthesis"/>
        <Attr Name="UsedIn" Val="simulation"/>
      </FileInfo>
    </File>
    <Config>
      <Option Name="DesignMode" Val="RTL"/>
      <Option Name="TopModule" Val="traffic_intersection"/>
      <Option Name="TopAutoSet" Val="TRUE"/>
    </Config>
  </FileSet>
  <FileSet Name="constrs_in" Type="Constrs" RelSrcDir="$PSRCDIR/constrs_1">
    <Filter Type="Constrs"/>
    <File Path="$PSRCDIR/constrs_1/imports/lab2_traffic lights/Zybo-Z7-Master.xdc">
      <FileInfo>
        <Attr Name="ImportPath" Val="$PPRDIR/../../labs/lab2_traffic lights/Zybo-Z7-Master.xdc"/>
        <Attr Name="ImportTime" Val="1532713355"/>
        <Attr Name="UsedIn" Val="synthesis"/>
        <Attr Name="UsedIn" Val="implementation"/>
      </FileInfo>
    </File>
    <Config>
      <Option Name="ConstrsType" Val="XDC"/>
    </Config>
  </FileSet>
  <FileSet Name="utils" Type="Utils" RelSrcDir="$PSRCDIR/utils_1">
    <Filter Type="Utils"/>
    <Config>
      <Option Name="TopAutoSet" Val="TRUE"/>
    </Config>
  </FileSet>
  <Strategy Version="1" Minor="2">
    <StratHandle Name="Vivado Implementation Defaults" Flow="Vivado Implementation 2018"/>
    <Step Id="init_design"/>
    <Step Id="opt_design"/>
    <Step Id="power_opt_design"/>
    <Step Id="place_design"/>
    <Step Id="post_place_power_opt_design"/>
    <Step Id="phys_opt_design"/>
    <Step Id="route_design"/>
    <Step Id="post_route_phys_opt_design"/>
    <Step Id="write_bitstream"/>
  </Strategy>
</GenRun>
