<?xml version="1.0" encoding="UTF-8" ?>
<webTalkData  fileName='usage_statistics_ext_xsim.xml'  majorVersion='1' minorVersion='0' timeStamp='Mon May 14 10:00:11 2018'>
<section name="__ROOT__" level="0" order="1" description="">
 <section name="software_version_and_target_device" level="1" order="1" description="">
  <keyValuePair key="beta" value="FALSE" description="" />
  <keyValuePair key="build_version" value="2188600" description="" />
  <keyValuePair key="date_generated" value="Mon May 14 10:00:10 2018" description="" />
  <keyValuePair key="os_platform" value="WIN64" description="" />
  <keyValuePair key="product_version" value="XSIM v2018.1 (64-bit)" description="" />
  <keyValuePair key="project_id" value="8d9b5812fb7f488d8f85616774793f5c" description="" />
  <keyValuePair key="project_iteration" value="3" description="" />
  <keyValuePair key="random_id" value="ae7115d658c95de99e0924d1816ade80" description="" />
  <keyValuePair key="registration_id" value="ae7115d658c95de99e0924d1816ade80" description="" />
  <keyValuePair key="route_design" value="FALSE" description="" />
  <keyValuePair key="target_device" value="not_applicable" description="" />
  <keyValuePair key="target_family" value="not_applicable" description="" />
  <keyValuePair key="target_package" value="not_applicable" description="" />
  <keyValuePair key="target_speed" value="not_applicable" description="" />
  <keyValuePair key="tool_flow" value="xsim_vivado" description="" />
 </section>
 <section name="user_environment" level="1" order="2" description="">
  <keyValuePair key="cpu_name" value="Intel(R) Core(TM) i7-6700 CPU @ 3.40GHz" description="" />
  <keyValuePair key="cpu_speed" value="3408 MHz" description="" />
  <keyValuePair key="os_name" value="Microsoft Windows 7 , 64-bit" description="" />
  <keyValuePair key="os_release" value="Service Pack 1  (build 7601)" description="" />
  <keyValuePair key="system_ram" value="17.000 GB" description="" />
  <keyValuePair key="total_processors" value="1" description="" />
 </section>
 <section name="vivado_usage" level="1" order="3" description="">
 </section>
 <section name="xsim" level="1" order="4" description="">
  <section name="command_line_options" level="2" order="1" description="">
   <keyValuePair key="command" value="xsim" description="" />
   <keyValuePair key="runall" value="true" description="" />
  </section>
  <section name="usage" level="2" order="2" description="">
   <keyValuePair key="iteration" value="0" description="" />
   <keyValuePair key="runtime" value="1 us" description="" />
   <keyValuePair key="simulation_memory" value="6808_KB" description="" />
   <keyValuePair key="simulation_time" value="0.00_sec" description="" />
   <keyValuePair key="trace_waveform" value="true" description="" />
  </section>
 </section>
</section>
</webTalkData>
